id,name,contact_name,title,postal_code,country,contact
ALFKI,Alfreds Futterkiste,Maria Anders,Sales Representative,12209,Germany,030-0074321
ANATR,Ana Trujillo Emparedados y helados,Ana Trujillo,Owner,5021,Mexico,(5) 555-4729
ANTON,Antonio Moreno Taquería,Antonio Moreno,Owner,5023,Mexico,(5) 555-3932
AROUT,Around the Horn,Thomas Hardy,Sales Representative,WA1 1DP,UK,(171) 555-7788
BERGS,Berglunds snabbköp,Christina Berglund,Order Administrator,S-958 22,Sweden,0921-12 34 65
BLAUS,Blauer See Delikatessen,Hanna Moos,Sales Representative,68306,Germany,0621-08460
BLONP,Blondesddsl père et fils,Frédérique Citeaux,Marketing Manager,67000,France,88.60.15.31
BOLID,Bólido Comidas preparadas,Martín Sommer,Owner,28023,Spain,(91) 555 22 82
BONAP,Bon app',Laurence Lebihan,Owner,13008,France,91.24.45.40
BOTTM,Bottom-Dollar Markets,Elizabeth Lincoln,Accounting Manager,T2F 8M4,Canada,(604) 555-4729
BSBEV,B's Beverages,Victoria Ashworth,Sales Representative,EC2 5NT,UK,(171) 555-1212
CACTU,Cactus Comidas para llevar,Patricio Simpson,Sales Agent,1010,Argentina,(1) 135-5555
CENTC,Centro comercial Moctezuma,Francisco Chang,Marketing Manager,5022,Mexico,(5) 555-3392
CHOPS,Chop-suey Chinese,Yang Wang,Owner,3012,Switzerland,0452-076545
COMMI,Comércio Mineiro,Pedro Afonso,Sales Associate,05432-043,Brazil,(11) 555-7647
CONSH,Consolidated Holdings,Elizabeth Brown,Sales Representative,WX1 6LT,UK,(171) 555-2282
DRACD,Drachenblut Delikatessen,Sven Ottlieb,Order Administrator,52066,Germany,0241-039123
DUMON,Du monde entier,Janine Labrune,Owner,44000,France,40.67.88.88
EASTC,Eastern Connection,Ann Devon,Sales Agent,WX3 6FW,UK,(171) 555-0297
ERNSH,Ernst Handel,Roland Mendel,Sales Manager,8010,Austria,7675-3425
FAMIA,Familia Arquibaldo,Aria Cruz,Marketing Assistant,05442-030,Brazil,(11) 555-9857
FISSA,FISSA Fabrica Inter. Salchichas S.A.,Diego Roel,Accounting Manager,28034,Spain,(91) 555 94 44
FOLIG,Folies gourmandes,Martine Rancé,Assistant Sales Agent,59000,France,20.16.10.16
FOLKO,Folk och fä HB,Maria Larsson,Owner,S-844 67,Sweden,0695-34 67 21
FRANK,Frankenversand,Peter Franken,Marketing Manager,80805,Germany,089-0877310
FRANR,France restauration,Carine Schmitt,Marketing Manager,44000,France,40.32.21.21
FRANS,Franchi S.p.A.,Paolo Accorti,Sales Representative,10100,Italy,011-4988260
FURIB,Furia Bacalhau e Frutos do Mar,Lino Rodriguez,Sales Manager,1675,Portugal,(1) 354-2534
GALED,Galería del gastrónomo,Eduardo Saavedra,Marketing Manager,8022,Spain,(93) 203 4560
GODOS,Godos Cocina Típica,José Pedro Freyre,Sales Manager,41101,Spain,(95) 555 82 82
GOURL,Gourmet Lanchonetes,André Fonseca,Sales Associate,04876-786,Brazil,(11) 555-9482
GREAL,Great Lakes Food Market,Howard Snyder,Marketing Manager,97403,USA,(503) 555-7555
GROSR,GROSELLA-Restaurante,Manuel Pereira,Owner,1081,Venezuela,(2) 283-2951
HANAR,Hanari Carnes,Mario Pontes,Accounting Manager,05454-876,Brazil,(21) 555-0091
HILAA,HILARION-Abastos,Carlos Hernández,Sales Representative,5022,Venezuela,(5) 555-1340
HUNGC,Hungry Coyote Import Store,Yoshi Latimer,Sales Representative,97827,USA,(503) 555-6874
HUNGO,Hungry Owl All-Night Grocers,Patricia McKenna,Sales Associate,T12 R5CP,Ireland,2967 542
ISLAT,Island Trading,Helen Bennett,Marketing Manager,PO31 7PJ,UK,(198) 555-8888
KOENE,Königlich Essen,Philip Cramer,Sales Associate,14776,Germany,0555-09876
LACOR,La corne d'abondance,Daniel Tonini,Sales Representative,78000,France,30.59.84.10
LAMAI,La maison d'Asie,Annette Roulet,Sales Manager,31000,France,61.77.61.10
LAUGB,Laughing Bacchus Wine Cellars,Yoshi Tannamuri,Marketing Assistant,V3F 2K1,Canada,(604) 555-3392
LAZYK,Lazy K Kountry Store,John Steel,Marketing Manager,99362,USA,(509) 555-7969
LEHMS,Lehmanns Marktstand,Renate Messner,Sales Representative,60528,Germany,069-0245984
LETSS,Let's Stop N Shop,Jaime Yorres,Owner,94117,USA,(415) 555-5938
LILAS,LILA-Supermercado,Carlos González,Accounting Manager,3508,Venezuela,(9) 331-6954
LINOD,LINO-Delicateses,Felipe Izquierdo,Owner,4980,Venezuela,(8) 34-56-12
LONEP,Lonesome Pine Restaurant,Fran Wilson,Sales Manager,97219,USA,(503) 555-9573
MAGAA,Magazzini Alimentari Riuniti,Giovanni Rovelli,Marketing Manager,24100,Italy,035-640230
MAISD,Maison Dewey,Catherine Dewey,Sales Agent,B-1180,Belgium,(02) 201 24 67
MEREP,Mère Paillarde,Jean Fresnière,Marketing Assistant,H1J 1C3,Canada,(514) 555-8054
MORGK,Morgenstern Gesundkost,Alexander Feuer,Marketing Assistant,4179,Germany,0342-023176
NORTS,North/South,Simon Crowther,Sales Associate,SW7 1RZ,UK,(171) 555-7733
OCEAN,Océano Atlántico Ltda.,Yvonne Moncada,Sales Agent,1010,Argentina,(1) 135-5333
OLDWO,Old World Delicatessen,Rene Phillips,Sales Representative,99508,USA,(907) 555-7584
OTTIK,Ottilies Käseladen,Henriette Pfalzheim,Owner,50739,Germany,0221-0644327
PARIS,Paris spécialités,Marie Bertrand,Owner,75012,France,(1) 42.34.22.66
PERIC,Pericles Comidas clásicas,Guillermo Fernández,Sales Representative,5033,Mexico,(5) 552-3745
PICCO,Piccolo und mehr,Georg Pipps,Sales Manager,5020,Austria,6562-9722
PRINI,Princesa Isabel Vinhos,Isabel de Castro,Sales Representative,1756,Portugal,(1) 356-5634
QUEDE,Que Delícia,Bernardo Batista,Accounting Manager,02389-673,Brazil,(21) 555-4252
QUEEN,Queen Cozinha,Lúcia Carvalho,Marketing Assistant,05487-020,Brazil,(11) 555-1189
QUICK,QUICK-Stop,Horst Kloss,Accounting Manager,1307,Germany,0372-035188
RANCH,Rancho grande,Sergio Gutiérrez,Sales Representative,1010,Argentina,(1) 123-5555
RATTC,Rattlesnake Canyon Grocery,Paula Wilson,Assistant Sales Representative,87110,USA,(505) 555-5939
REGGC,Reggiani Caseifici,Maurizio Moroni,Sales Associate,42100,Italy,0522-556721
RICAR,Ricardo Adocicados,Janete Limeira,Assistant Sales Agent,02389-890,Brazil,(21) 555-3412
RICSU,Richter Supermarkt,Michael Holz,Sales Manager,1203,Switzerland,0897-034214
ROMEY,Romero y tomillo,Alejandra Camino,Accounting Manager,28001,Spain,(91) 745 6200
SANTG,Santé Gourmet,Jonas Bergulfsen,Owner,4110,Norway,07-98 92 35
SAVEA,Save-a-lot Markets,Jose Pavarotti,Sales Representative,83720,USA,(208) 555-8097
SEVES,Seven Seas Imports,Hari Kumar,Sales Manager,OX15 4NB,UK,(171) 555-1717
SIMOB,Simons bistro,Jytte Petersen,Owner,1734,Denmark,31 12 34 56
SPECD,Spécialités du monde,Dominique Perrier,Marketing Manager,75016,France,(1) 47.55.60.10
SPLIR,Split Rail Beer & Ale,Art Braunschweiger,Sales Manager,82520,USA,(307) 555-4680
SUPRD,Suprêmes délices,Pascale Cartrain,Accounting Manager,B-6000,Belgium,(071) 23 67 22 20
THEBI,The Big Cheese,Liz Nixon,Marketing Manager,97201,USA,(503) 555-3612
THECR,The Cracker Box,Liu Wong,Marketing Assistant,59801,USA,(406) 555-5834
TOMSP,Toms Spezialitäten,Karin Josephs,Marketing Manager,44087,Germany,0251-031259
TORTU,Tortuga Restaurante,Miguel Angel Paolino,Owner,5033,Mexico,(5) 555-2933
TRADH,Tradição Hipermercados,Anabela Domingues,Sales Representative,05634-030,Brazil,(11) 555-2167
TRAIH,Trail's Head Gourmet Provisioners,Helvetius Nagy,Sales Associate,98034,USA,(206) 555-8257
VAFFE,Vaffeljernet,Palle Ibsen,Sales Manager,8200,Denmark,86 21 32 43
VICTE,Victuailles en stock,Mary Saveley,Sales Agent,69004,France,78.32.54.86
VINET,Vins et alcools Chevalier,Paul Henriot,Accounting Manager,51100,France,26.47.15.10
WANDK,Die Wandernde Kuh,Rita Müller,Sales Representative,70563,Germany,0711-020361
WARTH,Wartian Herkku,Pirkko Koskitalo,Accounting Manager,90110,Finland,981-443655
WELLI,Wellington Importadora,Paula Parente,Sales Manager,08737-363,Brazil,(14) 555-8122
WHITC,White Clover Markets,Karl Jablonski,Owner,98128,USA,(206) 555-4112
WILMK,Wilman Kala,Matti Karttunen,Owner/Marketing Assistant,21240,Finland,90-224 8858
WOLZA,Wolski  Zajazd,Zbyszek Piestrzeniewicz,Owner,01-012,Poland,(26) 642-7012
LFIFD,Ridgestone,Keelan Whiteley,Owner,2KXF45N,Turkey,4855979087
MDQRO,Mountaincast,Tayah Farley,Sales Associate,ZK7CAAIO,"Korea, North",3997597663
BBHBT,Ravengate,Akeel Cervantes,Sales Agent,9T2S0,Iran,4063470845
FOZJG,Redtales,Yasser Little,Assistant Sales Agent,LNF5ME4,Russia,6069715154
WTOMS,Petalwares,Simona Cook,Sales Manager,MC5I3Y,Netherlands,4642304938
OSJLG,Hogwalk,Neve Milner,Owner,4PI25,Nepal,4331939820
BAGHR,Goldshade,Aurelia Hackett,Sales Representative,ER23Y,"Korea, North",7780140722
YVELF,Chiefbridge,Said Alston,Order Administrator,42818HPD,Peru,8458757075
UXKNG,Faseis,Patience Bain,Sales Manager,GEG3M2,Sweden,4086878069
XLHOC,Alphadale,Abbi Michael,Owner,MBBS5,Uzbekistan,5808041249
EMWNM,Mediadex,Hattie Hendricks,Sales Representative,A01P3,Ethiopia,3572129538
KNAHU,Alpharon,Shanai Sheridan,Sales Representative,Y3TPF9TL,Hungary,1726859356
BQCPW,Spherecoms,Cherise Chan,Assistant Sales Agent,7F2658U,Japan,9735774598
XDWFT,Alligatorcast,Jean Cope,Order Administrator,4H1W7,Spain,7120317826
XPHCM,Wolfhead,Mahira Todd,Sales Manager,GO93C835,Qatar,9266419517
QKXLE,Roundzoom,Jazmine Sandoval,Sales Representative,5C4V0T,Uganda,1841379109
DCXQJ,Amazonking,Melinda O'Connor,Accounting Manager,O07TA,"Korea, North",4327215195
BZEBV,Lemonbridge,Justin Melia,Sales Representative,1CNV3,Ghana,8380959764
QKUWJ,Alphastar,Benn Croft,Owner/Marketing Assistant,RHU1LK1,Sweden,5154717957
UFPDN,Bansheecloud,Caitlan Knott,Sales Agent,4ATUSG,Malaysia,7852494247
GWROX,Lamfan,Emilee Couch,Sales Manager,5CE36D5,Estonia,8681801169
KPVFH,Ridgesearch,Hussain Lott,Order Administrator,44S9FH9,Brazil,9202562622
SHCSE,Gorillafruit,Tayyab Price,Assistant Sales Agent,28UYU0,Estonia,3154773929
XOYQC,Sphereshine,Vinnie Neale,Accounting Manager,0Y7I55F2,South Africa,7387108768
MCGDW,Shadespace,Fearne Dodd,Sales Agent,UC03G,Hungary,2756744636
CEKMU,Lucentphone,Jude Marsden,Order Administrator,D306OI9R,New Zealand,5865646666
KWMSA,Acefly,Isabell Allan,Order Administrator,4VL5Q24,Ghana,3597887889
ZYTIL,Smiletales,Kaylie Mays,Order Administrator,O28Z0,Iceland,7103379741
QQBYK,Aceways,Abigale Cunningham,Assistant Sales Agent,NHP38,Romania,2166658684
ZFUUC,Kayhouse,Abbas Whyte,Owner/Marketing Assistant,NVK969G,Nepal,8895316217
XTYKG,Wonderbeat,Emillie Clements,Sales Manager,4E4S4,Ethiopia,1219618465
ZTWJM,runtrax,Eben Singh,Marketing Assistant,L5KB1,Sweden,3428965153
PYKGW,J-job,Rafi Terrell,Assistant Sales Agent,N8G09,United Arab Emirates,5810728789
CYXOY,Vineware,Eleni Carrillo,Owner,IG789H9,Argentina,1476215957
MFFHP,Hotlex,Jeremiah Ellison,Accounting Manager,UVO11,Cambodia,1075371830
KLSJE,Tanfix,Neelam Nicholson,Owner,93AXI0I,Lebanon,2386677996
HVWOF,Spherebank,Isis Redmond,Sales Agent,KRCD6950,Lebanon,1852736968
CEWYJ,Ravenwalk,Tyler-Jay Sellers,Marketing Assistant,J3297E,Romania,2494626278
QQYDP,Alphaworks,Marni Odling,Assistant Sales Agent,8447ZJD,Uzbekistan,2689617704
TBSNM,Cavewater,Uzma Bowden,Owner,5TK0V3Q0,Poland,8131273948
XYKMW,Spancode,Nikodem Lake,Owner,OJ816,Peru,9011009571
HFWSJ,U-it,Susie West,Sales Manager,0EASW,Denmark,7871900987
BMXOO,Cavemaster,Zakariyya Curtis,Accounting Manager,71QMH8,Russia,5863985922
HDHWD,Mathfix,Jordanne Rudd,Assistant Sales Agent,467J6,Sri Lanka,8810018806
TLRVO,Hammerwater,Iris Kerr,Marketing Assistant,1T98688,Brazil,8732794734
SSSPE,medace,David Carney,Accounting Manager,O9SQ549W,Iceland,3962431280
QBSJQ,Spritespace,Liya Campos,Sales Agent,0142J,Lebanon,9936669648
CXYIF,Rootcast,Juno Velasquez,Sales Manager,9AZ910,Spain,8394465463
STLMM,Driftcast,Angelika Henson,Sales Associate,781RK680,Peru,4755886550
HIJTT,Wizardstar,Abbigail Mosley,Sales Associate,60S6W,Belgium,8216451725
HKPQA,Arcanegate,Stefano Roche,Owner/Marketing Assistant,H1704,Ethiopia,6880884169
RSUPF,Gemsys,Anton Page,Sales Manager,P692T,Turkey,7653132890
AODLJ,Canplus,Evie-Rose Mendez,Owner,G1AWORS0,Peru,3120521923
DPMVA,Lionbite,Jaskaran Mcgee,Assistant Sales Agent,M0Z90,South Africa,6606246900
DXGBU,Ironcast,Shanelle Murillo,Marketing Assistant,JJM76,Madagascar,2058129480
ARFNY,Moonbank,Gaia Davison,Sales Associate,TYGDX10,Egypt,3536882101
GBJZN,Voidway,Danish Weiss,Owner/Marketing Assistant,E3BB08F1,Singapore,2788498237
TWWIA,Stanplex,Cathy Rodriguez,Owner,RA111S1B,Cambodia,9481524326
SIVYO,Zerlax,Jak Vickers,Sales Agent,5UVUR,Mongolia,4367619641
EUNCB,Grottoking,Ava-May Hays,Sales Associate,9HV7S5,Uganda,4106553923
AJVBH,Ganjafix,Lauren Humphrey,Owner/Marketing Assistant,8F7MO3F9,Malaysia,7680542111
YHKAD,Rosetime,Larissa Sloan,Accounting Manager,TZ3S2,Croatia,3863059967
KXHCG,Zathjob,Roger Duggan,Accounting Manager,NHDUKG1,United States,8966047484
RCGDP,Mountaintales,Kaelan Beasley,Accounting Manager,4EE0AC,Iraq,9456990420
PHZIR,Oakspace,Martha Britton,Owner/Marketing Assistant,10JNN,Dominican Republic,6636526961
KJNBQ,Transtone,Inaayah Sanchez,Sales Representative,P00D7,Lebanon,8230753017
QQONV,Nymphshow,Jago Bennett,Sales Agent,6R595L,Greece,5959474866
IMWES,Mermaidpaw,Nathaniel Byrd,Owner/Marketing Assistant,EGFP1,Mexico,7503713122
SGJFW,Signalsys,Sukhmani Bray,Sales Representative,W3F80T12,Indonesia,2820012683
GUKNX,Spiderscape,Kadie Hatfield,Owner/Marketing Assistant,Y0X7IO,Maldives,1286691404
VFHGR,Hatchhut,Lucien Mccabe,Assistant Sales Agent,UL481,Chile,3066583056
AFCSI,Greendew,Zubair Tierney,Order Administrator,21M5CS,Iceland,7768354154
LFJUW,Voidsearch,Laurel Schwartz,Sales Agent,9EQ9W,Iceland,7736570074
GZTVD,Acezozla,Shani Sykes,Sales Representative,7BQEL,Morocco,1872004108
MDJRD,Angelworth,Lorraine Kenny,Owner/Marketing Assistant,37037,Peru,6310423993
DCWEV,Wizardbooks,Saarah Reynolds,Sales Agent,4G076,Lebanon,6369739219
UACLZ,Hotzap,Aisling Cortez,Order Administrator,O5W2158E,Estonia,5099580381
WPOCJ,Scotice,Shelley Shaw,Owner,C1473,Malaysia,9171676438
MCEDN,Bridgetechs,Marc Blundell,Sales Agent,34OW4,The Bahamas,7035887342
TLDTM,Angeltronics,Karen Campbell,Assistant Sales Agent,7O0H96,South Africa,8167633794
OUCUY,Petalhead,Malikah Vinson,Assistant Sales Agent,GP167,Croatia,8188575537
SLNIT,silverlam,Kiera Green,Sales Associate,TKLNI248,Portugal,9696409285
PBDLG,Forestaid,Karter Whitehouse,Sales Associate,S4587,Belgium,3025273931
AKZSN,Lotlex,Samera Ireland,Assistant Sales Agent,68O0JPJ,Denmark,5003011331
RSDHJ,Pearlbank,Mekhi Wyatt,Sales Agent,J84SVAN3,Estonia,2864177608
CQYIX,Apacheland,Meg Key,Sales Associate,30JV62KB,Chile,6312481135
BAWBH,Newcon,Hareem Watt,Order Administrator,X9Z9X4IP,Central African Republic,5300721155
MIRHI,Smartsun,Harlow Irvine,Assistant Sales Agent,MYAG4,Brazil,1905684446
LCZUL,Heartgold,Rahma Hudson,Marketing Assistant,KQR71O,Morocco,5044395277
HDPGV,Thunderbar,Carrie-Ann Millar,Sales Associate,9M7YZ184,Mongolia,4983749624
QLHDA,Isex,Kacie Stamp,Owner,J3JK9C0S,Vatican City,7258898481
XELHT,Spiritlife,Mariana Gunn,Sales Representative,B5I1X6O,Dominican Republic,9316272023
XYDGA,Smileworks,Yasir Singleton,Sales Representative,RJ981H,Dominican Republic,2739477021
QLIOO,Cubeex,Emil Mckinney,Owner,N9JBL,Ghana,7027956293
DRBVJ,Happygold,Eva-Rose Haines,Owner,7G8Y16,Sri Lanka,6782597464
FVVEI,Hogmaster,Hasan Beltran,Owner,824358A,Netherlands,5284038536
HNISK,Pinkhouse,Ahyan Rossi,Assistant Sales Agent,9W95B,"Korea, South",5154961291
KVWIB,Karmarover,Daniele Talley,Owner,TFGVT,Spain,5316332484
DODDG,Omegashade,Zackery Cole,Sales Manager,13HH9NI,"Korea, South",9067471325
YWPGB,Owlsun,Callie Parra,Sales Agent,5ULZ84,"Korea, North",9996348516
YQUPJ,Houndsys,Leen Pace,Accounting Manager,9MBPTH,Denmark,7906854052
KSZSI,Peachlife,Safwan Schroeder,Order Administrator,7228950V,Finland,4279453012
UBUXZ,Accentbank,Anwen Duarte,Accounting Manager,9391CE2,Switzerland,4060228509
BXYHD,Apextales,Devon Forrest,Sales Representative,716J281,Paraguay,7014331955
XJQTF,Vineworks,Brenna Buxton,Sales Representative,1TX7DM8E,Canada,7675657934
XGKJV,Hotplex,Lyndsey Guerra,Sales Representative,149Q12,Greece,1230597513
HONAT,Marblelife,Autumn Taylor,Sales Representative,E3G25,Iceland,4709527980
BEKKE,Grottomedia,Emilee Lister,Marketing Assistant,DD6YX9,Switzerland,6007127357
YEXGQ,Careelectronics,Burhan Blackwell,Accounting Manager,Y5NQ9,Madagascar,7265514978
HRIJK,Vilaice,Rohit Hanson,Owner,39T1U7E,Bangladesh,8476141242
PSBCI,Dantax,Adeeb Conway,Sales Representative,G2627U,Central African Republic,1406097812
EXYUB,Firesys,Mahdi Ingram,Sales Manager,708S5,Sri Lanka,7484410964
WWUDY,Domcorporation,Shannen Stewart,Order Administrator,C1PC141U,United Arab Emirates,7764972983
EJGQO,Peachshadow,Rupert Hook,Accounting Manager,XI1GNO1,"Korea, South",9300012945
OSRRD,Granitebit,Emerson Hoover,Owner/Marketing Assistant,V6QU66F,Spain,1834368305
SULXD,Lemonking,Alessio Wells,Order Administrator,R60BH0,Cambodia,5395648097
JDWXT,Amazonspace,Philippa Mckee,Sales Representative,EI1GR,Egypt,3203370723
FWLNO,Accentgate,Charleigh Maldonado,Owner/Marketing Assistant,9Y3XH,Costa Rica,2898041477
PIHDS,Pluscode,Onur Ortiz,Order Administrator,XBQHS67,United States,8999881056
LPRUF,Nimbledew,Olivier Wolf,Sales Agent,NW018K2,Saudi Arabia,1548008074
SAPOY,Oceanwell,Honey Davis,Sales Agent,5N9G1WO,China,3263188936
VAGBI,konplus,Otis Marin,Sales Representative,6.20E+45,Morocco,8252716408
DEONP,Cantrax,Cleo Levy,Owner,YCB5679,Lithuania,6124418651
SPDAK,voltam,Bella Tapia,Sales Associate,T6U8F6E7,Bulgaria,2341152335
NVKJR,Coreland,Cerys O'Moore,Sales Representative,9T7H7,Norway,4604049664
QVPGC,Hexhex,Milo Maxwell,Assistant Sales Agent,6337U,Cambodia,2740373229
WVUSY,Mermaidscape,Tilly Sanford,Marketing Assistant,7D0O78,Ukraine,3669951095
MWUWL,Cavecast,Ammar Villanueva,Sales Manager,397T7F1,Poland,4377098501
EAMIQ,Code-media,Jia Proctor,Order Administrator,3Z7K2GUZ,Thailand,3033615123
UHRQV,Quotecore,Bernard Alford,Sales Agent,FFP94,Chile,8330248889
DUUEE,Honeyhive,Elise Haigh,Sales Manager,1159304,Pakistan,6609484894
IQCUC,Freetrans,Tarun Adam,Assistant Sales Agent,2Z61J5,India,6851181488
OQJEG,Cubeshack,Manha Eaton,Owner,7SB541HR,United States,9280231578
KVZWM,Cliffpaw,Maverick Pugh,Assistant Sales Agent,R89YY18,Spain,3844456128
NBLNH,Motioncloud,Graeme Klein,Sales Representative,UB6S707,Portugal,6794398470
ZGRUP,Bigzoom,Freyja Davison,Sales Associate,V6ZZH,Mongolia,1343625385
HSKOA,Zeusgate,Rees Weber,Marketing Assistant,YZ9G25,Lithuania,5555925707
QLGCH,Spiderhive,Sania Case,Owner,LM5564,Russia,5175516639
FCDQX,Cannonware,Arun Driscoll,Owner/Marketing Assistant,6S62Y3,Spain,7454208767
ACGHE,saillab,Clyde Mcintosh,Sales Manager,V855D,Bulgaria,1032624198
QGXXB,Shadebeat,Shannon Palmer,Assistant Sales Agent,AK9M49K6,Uzbekistan,4226843481
FUMLC,Karmashade,Kody Price,Sales Representative,2JT3YEMB,Belarus,8337907573
JDUFX,Ghostland,Sidra Markham,Sales Manager,02SN6Z3,Philippines,9128805082
PYXEC,Canecan,Phoenix Sandoval,Sales Associate,PTFV3525,Australia,1680511598
VTTVO,tough-techi,Lilia Keeling,Owner,0GIO7N6D,Vietnam,2257389057
ZFSKP,voltplanet,Aila Vasquez,Sales Manager,E3AG0,Paraguay,2565806711
RWTBF,Tamptrax,Bartosz Bond,Accounting Manager,D32094YG,Greece,5454230891
MVCJD,Spidersys,Orion Stokes,Sales Representative,3633W3H4,Vatican City,6295203083
EALEV,Starhut,Emme Sims,Assistant Sales Agent,1R508,Greece,3889421740
VYWZO,Crowpoint,Lily-Grace Powers,Owner,VY17C3U,Brazil,6901203901
QCTUX,Zaamtech,Ebony Stanley,Sales Representative,7642M295,Switzerland,4766547788
SSTFJ,Coredew,Elissa Mccabe,Marketing Assistant,65P183N,Egypt,2524583662
NUNRN,Redworth,Domas Grey,Marketing Assistant,QE8D45LJ,Spain,4793357981
RLGEV,Opeplus,Oscar Firth,Sales Manager,SC1LJO,Central African Republic,2375031847
XBMQF,Jetbooks,Adelaide Leach,Sales Agent,Q307RG7,Norway,5799006491
SFDIW,Crowwalk,Alma Gonzales,Owner,7F57E,Estonia,1084427305
XJUEY,Grottoex,Ami Fields,Marketing Assistant,2JAT99T,Hungary,2865645010
KLSQM,Fasetex,Anabella Rivas,Order Administrator,OC30PT,Singapore,7260276662
FXUQQ,Marsstar,Alicia Madden,Sales Manager,40V5JG,Central African Republic,1540840172
YBYIX,Zaamelectrics,Rosie Humphrey,Accounting Manager,0OL8X8ND,Belgium,5421116119
EGOAJ,Marshead,Cain Parker,Sales Representative,7C6VZ14K,Central African Republic,5490537871
OCKNO,Bridgelight,Arjun Tang,Sales Representative,S87T0,Poland,7630422549
IATBG,Danflex,Emillie Simmons,Marketing Assistant,0ZQ588,Finland,6862341347
SANJT,Riddlesys,Aedan Cooper,Sales Associate,Q00J3,Thailand,4617426147
NYSMW,Anqvofix,Antonia Higgs,Sales Agent,68FT2,Maldives,6411986430
YJYCQ,hotphase,Firat Ortega,Sales Agent,2ZY21Y,Netherlands,1931347861
MWRZG,Griffintube,Azra Hughes,Order Administrator,AY5OHOI,Denmark,9531001449
QERCM,Zunfind,Riccardo Downes,Assistant Sales Agent,5HT2O,Uzbekistan,8827308803
ZIWPB,Arcanebite,Eddison Molina,Owner,5KUZ0,Bulgaria,9128025628
WSCMM,Fairyshade,Willa Wade,Sales Manager,95W495,Iran,8163337722
LYSSZ,Marsdream,Antoinette Waters,Owner,4WKR69X9,India,4169166637
JSKXW,Vivacare,Monty Obrien,Sales Agent,3Z19Q3K,Netherlands,1711919719
MQJDK,Thunderhut,Kayan Middleton,Accounting Manager,LUFQRC,The Bahamas,7811113067
MDMOP,Quohigh,Joanne Sharpe,Owner,39PW69,Egypt,2171761328
VXBGF,K-lax,Lilly-Mai Spence,Order Administrator,5Z5Z6M,Mongolia,2766908086
KHURJ,Voyabiozap,Sidrah Rayner,Accounting Manager,S72UG,Russia,7696238927
FUSIY,Wizardworth,Trixie Fischer,Accounting Manager,29919,Czech Republic,5140555642
LOZUF,Boarworth,Keeley Roberson,Sales Agent,DQB972,Greece,6586579021
GZOPD,Globeshadow,Acacia Couch,Assistant Sales Agent,6R02620,Brazil,9419507786
WUOXF,Yewware,Ruby-Rose James,Marketing Assistant,J5R59F8,"Korea, South",6312531074
SNNUK,Berryshade,Carson Ross,Owner/Marketing Assistant,G9Q1P,Russia,4821172896
VVXNV,Dreamdale,Marcus Quintana,Sales Manager,PWKTZPY,"Korea, North",7857166008
MEXCW,Nimblebank,Clay Macleod,Marketing Assistant,O9HZNA,Israel,3480278394
IQWRF,domcore,Zayyan Macias,Accounting Manager,LA8BX94,Netherlands,1960091681
NIBKK,Sailit,Lynden Cleveland,Marketing Assistant,OX0N32,Central African Republic,8905092598
RJZWW,Cloudgate,Anna Swan,Sales Associate,5M0894L,Ukraine,6800105388
MYUXG,Globecoms,Magdalena Ratliff,Owner/Marketing Assistant,54199YEQ,Qatar,9323610763
GUHYG,Twilightscape,Elouise Bourne,Sales Representative,Q68JR06,Ukraine,6208331197
LOPWU,Triolax,Nela Cain,Owner,N91KLU2,Iceland,6553456803
NILWU,Zeuswares,Imaani Andrew,Owner,W925ZB,Bulgaria,4919527325
HNKFP,Dynamicphone,Jodi Delaney,Owner,Y22MR9E,The Bahamas,6421803647
IQAHL,Chieftronics,Danielle Childs,Sales Manager,NNP20,Australia,7724854112
LHSJQ,Amazontales,Karla Mckenzie,Owner,331LJ,France,8264019626
MTEYJ,Greenbar,Denis Davie,Order Administrator,197PKQR,Chile,3739689847
NVGKN,Vinebite,Amina Dodson,Sales Associate,14MB5,Sri Lanka,1195570654
BBHID,Wavepaw,Alysia Bartlett,Owner,8YNX9X89,Thailand,7504769044
GUIOZ,Dwarfmobile,Enrique Mooney,Sales Representative,63KY4A,Malaysia,9438967332
EJWSQ,Strip-technology,Fabian Curry,Sales Manager,2KV2A7,Greece,3103592612
QVZRK,Danquoway,Rania Conley,Sales Associate,C3P3922,Vietnam,8477531080
QDWCX,Riddletales,Efe Hartley,Order Administrator,YSO23KQ,Poland,1362798653
UZPIA,Omegatronics,Darrell Booth,Accounting Manager,2QXMG16L,Hungary,5264792030
MUHHR,Dinofly,Kajetan Villarreal,Sales Manager,H40UXB,New Zealand,6315602568
CXBVM,Alpineaid,Forrest Flowers,Owner,42DD3Q9,Qatar,4212659078
VFMLK,Zunkix,Misty Vega,Marketing Assistant,7RON4,Mexico,8688516791
DMKYC,Bridgeworth,Lex Watson,Sales Agent,87UDJTV,Iran,9605775237
DDBMQ,Beedleshine,Isha Chamberlain,Accounting Manager,VQO8T00,Mongolia,3063514482
ZFEJB,Worldlight,Alessandra George,Sales Associate,O7W16K7G,Japan,3827912755
OZBCP,Twilighttronics,Ela Brookes,Marketing Assistant,TK8HA,Ghana,1738178588
POIIK,Luckybooks,Maisie Mcculloch,Sales Agent,28GQXR,Thailand,1748556208
IKTTD,Lionstone,Arif Hogan,Marketing Assistant,48OU9WD,Argentina,6910870528
YXTZG,Sailbank,Fenton Neville,Owner/Marketing Assistant,0855Q,Australia,8657269086
COZHJ,Heartmaster,Rhiannan Salt,Sales Agent,DNDX395,Belgium,7415828585
BBDMF,Icestones,Aayan Woolley,Sales Associate,4R3804H6,Poland,2343894474
MQWSU,Unocon,Lorena Jacobson,Owner/Marketing Assistant,9OVAB,Canada,5769873758
GUTEY,Itis,Keeleigh Thomson,Assistant Sales Agent,96868,Ghana,7081623330
QYNJS,Gogodexon,Ellice Knox,Order Administrator,LPUD53W,Saudi Arabia,2659791521
BJQXQ,Apexmobile,Natasha Wilson,Sales Manager,J05V6,Argentina,3766882712
BKRWL,Nighttime,Aden Tierney,Sales Manager,31P362,Switzerland,9154133009
ECEVF,Phoenixhead,Ayla David,Assistant Sales Agent,6S3E02RV,Iran,3865773142
AFCMH,Cavernland,Piper Hinton,Accounting Manager,1EH7U,Armenia,7260032264
ISOPZ,Motiontronics,Cassia Larsen,Sales Representative,4A07WS,Saudi Arabia,9721791239
KPRTM,Dynamiccloud,Lacey-May Peel,Owner,88M6R,Brazil,3353059212
UGTER,Amazonway,Pharrell Cardenas,Sales Agent,6R8YLD,Italy,3392027381
SFBOX,Wizardmaster,Dominik Begum,Accounting Manager,XBAU493S,Indonesia,3509934215
INKVV,Howzooming,Esmai Kay,Sales Representative,7513DT3,Armenia,6353550921
SMAMN,Zimhex,Rohan Greer,Owner/Marketing Assistant,VUST5M,Saudi Arabia,9220299381
MCELR,dandex,Jan Hoffman,Assistant Sales Agent,1ZS40TH,France,3737517240
STXYR,Indidexon,Caris Humphries,Sales Representative,328AE,Egypt,2123523381
LUQXP,D-ozebase,Ida Pritchard,Sales Representative,1E93W,Croatia,9220098981
IGHRO,Squidpaw,Roland Plant,Assistant Sales Agent,A4I1K4S6,Madagascar,1301148792
HEFZU,Stanfinlab,Soraya Hodgson,Accounting Manager,79T36N,Paraguay,7089665675
MUQZA,Grizzlywares,Lilianna Ross,Owner,8PTK2,India,8329873527
DNDCQ,Peachware,Rehaan Rigby,Marketing Assistant,7DEL5,Nepal,8580833868
FPXSL,Owlwell,Renesmee White,Sales Manager,4YIP160,Turkey,8655851413
JSFUC,Motionwalk,Kaitlyn Lopez,Accounting Manager,S415Y8C0,Chile,2236287623
IVCXS,Chiefland,Aubrey Adkins,Sales Associate,X72FX,Cambodia,9897737093
WEWQU,Raventime,Bradleigh Lozano,Sales Manager,I8UW08TI,Russia,9781642497
BQHQK,Fairytronics,Alana Roman,Accounting Manager,23GSM304,Sweden,3146966826
YXCME,Lifegate,Olivia Kaur,Assistant Sales Agent,CG5XJKU0,Uganda,5320199271
ITBOY,Unalam,Shanai Roberson,Owner,UG525,Lithuania,9251847524
JBPHD,Peachforce,Simon O'Moore,Owner/Marketing Assistant,P4994,Philippines,2125982586
RUOWH,Stripcore,Aqib Macfarlane,Owner/Marketing Assistant,M1ZA2RU3,Thailand,2286260702
AWUCI,Quozamcare,Seren Johnson,Order Administrator,0Y88D,Switzerland,5087519637
MUGLQ,Clifffly,Aronas Kirby,Sales Associate,2Q1T77O,Denmark,3299636349
QTSGF,Greenmedia,Maurice Davila,Sales Associate,KEBH1Q91,Italy,7057510508
JMFXL,Silverla,Niam Ferguson,Assistant Sales Agent,JD6NU,Cambodia,4594985634
OQTZB,Iszoom,Gabrielius Clemons,Accounting Manager,LISQ6330,Cambodia,2085946066
SKHPR,Zamelectrics,Aminah Pena,Sales Representative,0YS66R,Vatican City,7346409110
JKGTK,Diamondbeat,Josephine Golden,Accounting Manager,EHQC240U,Armenia,8850914373
LPZCY,Spiderlight,Luella Nunez,Marketing Assistant,OWR1W,Greece,8812610673
UUAKE,Cliffhut,Abdallah Conway,Assistant Sales Agent,J5XI06I1,Morocco,7734557957
NBADS,Spiritwood,Amit Briggs,Order Administrator,1SY56KE,Chile,2730523344
OGYNA,Hummingwood,Emmy Bradshaw,Owner/Marketing Assistant,OAU081I,Estonia,7611100690
IYHOZ,Sologreen,Syed Patel,Accounting Manager,XOB3B,Maldives,8616646465
KZCRV,Berryforce,Mirza Daniels,Accounting Manager,55H55,Lithuania,5202666742
ADKHD,Marsking,Antonio Bailey,Marketing Assistant,S4Z4E1,Russia,4338744522
WIKOE,Conelectrics,Shania Pemberton,Owner/Marketing Assistant,6PUDRK,Germany,2022605080
VDAGU,Joytechno,Katherine Haworth,Sales Agent,2860BOF,Vatican City,4797265489
IJVZY,Bansheeworks,Abdur Cowan,Owner,C015W,Nepal,8506661468
REXWL,Globalsearch,Amirah Wagstaff,Owner/Marketing Assistant,4FO5WI,Poland,1647887853
KEYER,Zenquote,Thea Gamble,Order Administrator,1FJ8M95,Australia,7365841894
PUPOX,Tamplanet,Ruby Terry,Order Administrator,I915CLN,"Korea, South",3342686112
FCZFA,Siltax,Reef Reeves,Sales Representative,O0F03099,Australia,6039667587
BLXOR,D-ice,Etienne Hill,Sales Agent,LJWOYW4J,Spain,4218975397
WMELD,Phoenixshade,Kiaan Hendricks,Sales Agent,10TR66K0,Brazil,7344009686
QKRSS,Amazonworks,Alanis Weaver,Order Administrator,JX29194,Madagascar,7117141158
NJQJG,Pinklife,Liberty Munro,Sales Agent,ZHD902C,Nepal,2414115252
LOAAB,Marshwater,Jax Mcgregor,Owner/Marketing Assistant,672Q5P,Saudi Arabia,6849256267
QQFKD,Microstones,Rahul Whitworth,Sales Manager,X5E04,Cambodia,6118982189
WZWXB,Worldbank,Teejay Conner,Sales Associate,A067I7,France,2629632461
OUOSL,Qvolab,Kye Gomez,Marketing Assistant,2687S89,Ethiopia,3646814984
AQHXR,Greenbank,Abdulrahman Ballard,Marketing Assistant,A9XV5W,Denmark,8474321786
SBYKA,Lionways,Maariyah Long,Sales Representative,F80IB,Switzerland,4431710404
UPJAZ,Suncast,Reagan North,Sales Manager,AAEL81Y,Madagascar,9111135539
TMNVE,Lionessshine,Eduard Leal,Assistant Sales Agent,72B03,Iraq,4188240070
MWLRW,Cubewell,Elwood Vargas,Assistant Sales Agent,238RI,Malaysia,6132345011
ZSDFR,Chiefsys,Bernice Davis,Sales Agent,Y51HI6RB,Sri Lanka,5801873125
RPTTU,Dreamwood,Alfie-Jay Sawyer,Accounting Manager,I8639TKW,Argentina,9652377787
XJNCJ,Oceantube,Brendan Lawrence,Owner,C9Y4P93,Nepal,5561322180
DKGLN,Houndtronics,Rhiannon Ruiz,Sales Manager,I7406VT,United Kingdom,5997487054
RMLDR,Dom-core,Arslan Mayer,Order Administrator,N8447U,Uganda,2273707098
RQIEC,Lothouse,Theodore John,Assistant Sales Agent,8KS20,Philippines,1405292264
LRCZU,Ding-tom,Kaison England,Sales Manager,CQDBPJR,Poland,3204697500
DGPGN,Subhow,Sumayya Elliott,Owner/Marketing Assistant,4DYB05,Uzbekistan,1439699397
VCXNM,Diamondway,Freya Dixon,Owner,MPMPQ6QT,Saudi Arabia,2994812186
NIGCT,Flowerbridge,Masuma Dunn,Marketing Assistant,8H13P,Romania,9658393824
VRTJV,Geofan,Julian Amos,Sales Agent,0ZII2,Greece,7949822308
YWSEM,Tech-lex,Ellie-Mai Lutz,Assistant Sales Agent,LXDSW50,Saudi Arabia,2737232961
AHLPC,Mermaidmobile,Aras Nieves,Sales Associate,V4204W7,Italy,9919136588
BTOHK,Diamondman,Oliwier Love,Sales Agent,4816GC,Iceland,1986699330
HGFWR,Timberlight,Lawrence York,Sales Representative,ZX8ZT7,Bolivia,9576575717
DWQQJ,Boarwares,Stephanie Odom,Order Administrator,G19L2YK,Malaysia,7354907882
CHLSD,Alpineman,Kailum Fenton,Order Administrator,93N488E3,Canada,9848867816
COONL,Dentoelectrics,Caelan Christie,Sales Agent,JV9NM5M,Armenia,7856056265
YRJCE,Icebridge,Callan Childs,Marketing Assistant,2TQ27,Argentina,8941918352
EEWXN,Geojoyla,Lula Huff,Sales Agent,7N1VT0S,Italy,5874366380
QMHND,Ravenbar,Jack Butler,Owner,88060F,Central African Republic,9562841235
MRPKS,Roundnix,Teegan Alvarado,Sales Associate,QNY3HARG,Sri Lanka,6602206025
VRXDN,Tonlux,Uzair Wheeler,Owner,3E3N9Y,Romania,8196424228
RXPOX,Aurahouse,Jasper Hollis,Sales Agent,5US92K,Poland,7076903777
UWUCL,Tondancone,Meghan Horne,Sales Representative,929OB79,Philippines,7894213959
EWLKZ,Vortexcoms,Alfie Alexander,Sales Representative,X2EXNTF3,Sweden,8275297644
FCONB,Honeyphone,Matylda Hackett,Sales Manager,275GN29,Lithuania,9841624039
FPHJJ,Jetmedia,Maria Sharples,Owner/Marketing Assistant,KZ79418,Canada,9937753542
MHILO,code-ron,Chaya Trujillo,Sales Manager,2322V28,Portugal,6575568016
IHANI,Unitam,Brian Wheatley,Accounting Manager,546RYK,Italy,2028267250
BQFGL,Griffinsearch,Oluwatobiloba Donaldson,Owner/Marketing Assistant,M9WVT,Sri Lanka,1088089399
OLCEM,Signalshack,Anne Paul,Owner,2O7UHPQ,Greece,6434599822
MCPJH,Hayhow,Shanai Kirby,Sales Representative,AEZ471EZ,Poland,5130866726
MLUIQ,Ventocan,Ella Nixon,Sales Associate,1ZF185R,Lithuania,9749965835
IMLWB,Apachestone,Bjorn Mcintyre,Owner,6E8CW,Mongolia,9559106242
NIIEW,Nimblespace,Janice Barlow,Owner,CUXS2Z0M,Estonia,6674062176
WGVYU,Alphashack,Arla Spears,Owner,S5HTXZ1N,France,8334997397
FKSYL,Ghostwalk,Teejay Randolph,Sales Agent,B0712Q2E,"Korea, South",3499950674
TPAXO,Phantomnrover,Tobey Bond,Owner,RDSIO,United States,2371604981
ISFMN,Redman,Rhiannan French,Sales Associate,GRB8U74,Russia,8758929786
BNHNU,Lifehead,Shantelle Shaffer,Assistant Sales Agent,8Y1Z72,Peru,7165817695
JDCDC,Daltfind,Roseanne Bowden,Sales Agent,7WM736RG,South Africa,3109476640
XZNZM,Toughflex,Deborah Leigh,Sales Associate,32280D4,Iceland,5200011453
PDBTL,Firewood,Anis Davison,Sales Agent,V4EKYU,Armenia,2757526980
XURLO,Shadowland,Gemma Soto,Sales Manager,7OY75,Netherlands,6147054787
QRLPC,Spirithead,Uzair Lamb,Owner/Marketing Assistant,09KHD7M6,Malaysia,3727428165
FEJPV,Chiefstone,Dion Holland,Sales Manager,N76A2P,Argentina,4528820019
HAEUA,stanbase,Lucca Myers,Owner,NPQ2A,Paraguay,1383777066
STDLW,Howsilin,Zaydan Croft,Sales Associate,EGA09S8,Denmark,1310944927
VJHYT,Jobquote,Rose Kaufman,Sales Associate,0E1N4U77,Russia,3544370399
DXZHL,Mathholdings,Kiya Conroy,Marketing Assistant,HQI0CS,Turkey,2274332488
MLOHS,Gembeat,Aedan Hernandez,Sales Associate,Y1484ZY,Philippines,1241649416
RVLTB,Ranrunzap,Esther Nielsen,Sales Representative,29Q37012,Sri Lanka,8865946262
QUTUC,waredax,Nakita Dickerson,Marketing Assistant,716RKKJ7,Singapore,3328851279
YFBIH,Driftshine,Evie Strickland,Owner/Marketing Assistant,JZJT7,Netherlands,6932195393
DHYZM,Alphacon,Alannah Lucas,Sales Representative,R13K4D7V,Dominican Republic,2938080918
RJTXP,Dynamicfruit,Elly Mckee,Sales Associate,H07VSZ4,United States,7837550959
NYQHR,Howstreet,Eman Roy,Order Administrator,9I9HUAK0,Denmark,3922494226
TGGAC,Domjotech,Lois Boyer,Accounting Manager,JLWV68,Vatican City,8432622126
VWPBR,Cloudair,Jillian Bloom,Order Administrator,1AGASO45,Canada,3247523940
IPJAD,Techihigh,Willow Quintero,Order Administrator,HWTI145T,Sri Lanka,8482071947
QZJEX,Highstreet,Melinda Burton,Assistant Sales Agent,VO4R23,Israel,8959464224
MLIRP,Corepoint,Alexandros Grainger,Order Administrator,RO88Y,Central African Republic,7089545239
YQTQH,Shadowworks,Lloyd Eastwood,Accounting Manager,RJ4WNY3,Qatar,9889306941
XRXGI,Donit,Ciaran Proctor,Accounting Manager,V52S6TU8,Egypt,3998761744
EQMWU,Gogoice,Saanvi Austin,Accounting Manager,390S1,United Kingdom,7307157207
FDBZD,Grottopoly,Inara Herrera,Sales Manager,L0G71K,Vietnam,1738537966
LLAOO,Soulhouse,Malaikah Barnett,Order Administrator,FOXT6,United States,4213348276
WJLPP,Ironwood,Haley Zimmerman,Owner/Marketing Assistant,7S02ARR,Pakistan,4992311222
OYBDK,Beescape,Zishan Roth,Sales Representative,G7VU8E,Argentina,1526181287
MYZVJ,Oceansun,Zaynab Betts,Order Administrator,67W93K1,Turkey,8349774801
UKUMO,Yellowshade,Mikey Weiss,Sales Associate,3GQBZQ2,Vatican City,2837782427
QEUBC,Apexscape,Keisha Boyle,Sales Manager,N1P94914,Ireland,2152820640
WTSWB,Heartex,Andre Sharpe,Sales Representative,E4R7ZH89,Chile,8283771877
MXHSX,Robinforce,Alessio Ball,Order Administrator,85W759,Paraguay,7418436097
MDJUS,Arcanebridge,Sarah-Louise Haas,Order Administrator,QU7M1,Switzerland,6160507635
FSKCS,Dentolam,Benito Keenan,Sales Agent,XKWB1,Belarus,3657629866
XIEMB,ventoity,Milana Ellis,Marketing Assistant,0ZIV04,Uganda,6426696967
PUNVV,Lagoonshade,Steffan Wright,Assistant Sales Agent,3A52V62,Philippines,2197937921
GJECA,Techcode,Evie-Grace Hooper,Marketing Assistant,MZ122,Malaysia,6381583786
UJFMV,Maplenite,Danielle Drake,Sales Associate,16UR2,Saudi Arabia,6877620297
PGABC,Dwarfhouse,Brad Morales,Sales Associate,JJ96A0J,Morocco,2248571038
MKWLO,Sailworld,Kaja Johns,Sales Associate,28GPXM9S,Hungary,8663248916
WREMC,Nightsearch,Ashton Calvert,Marketing Assistant,IX1X6,Norway,6119449592
NMCXJ,Trustgreen,Anayah Gilmore,Sales Representative,535XIA2,Ethiopia,2653701498
MDNRY,Roundkeyex,Muneeb Powell,Assistant Sales Agent,RC086M,Malaysia,8547045844
QEYOJ,Donfind,Dhruv Booth,Sales Manager,3J8963,Iraq,2745885502
BBNEU,Duoit,Neil Kane,Owner,39164AI3,Bolivia,5963686587
FIVSZ,Zoomplanet,Joely Simon,Marketing Assistant,BA8T9,Costa Rica,8016109787
DRQHV,Goldgreen,Baran Shields,Sales Agent,W8W369P,Brazil,7848456491
DUHRF,Mattam,Francesca Cornish,Sales Manager,ZRZ68GB,Bangladesh,9045215405
PSGTR,plextex,Milla Akhtar,Sales Associate,28TB7533,Germany,3449413693
WVZKL,Inhouse,Zavier Cohen,Sales Agent,6C4T024,Belarus,3113448123
OFYUQ,Cannonhouse,Joanne Bird,Sales Manager,H9A1UNY,Saudi Arabia,8820349134
UHAZO,Shadewell,Uwais Small,Assistant Sales Agent,RM7J4MXW,Iraq,6213971152
GZBVH,Overfind,Catriona Choi,Assistant Sales Agent,7T267Q,Ireland,4054423515
WFHTQ,Tinsolcone,Sonny Mack,Sales Manager,919E731,Dominican Republic,6048602497
GLVNM,Ozercorporation,Caitlin Buck,Owner/Marketing Assistant,N219851,Italy,7694900730
WXCKQ,Honeywheels,Aminah Rennie,Accounting Manager,932YTA5,Croatia,7538928168
MKNIX,Stormrover,Denise Kim,Accounting Manager,6IB7EJ,Iraq,6210931494
IOPNI,Inchcane,Jude Moran,Owner/Marketing Assistant,38589,Japan,4147414700
EKVJX,Wolfdream,Rebecca Key,Order Administrator,9H7DQ5K,Sweden,1271352256
REUYG,Ridgeair,Abdur-Rahman Gonzalez,Owner/Marketing Assistant,R6P623,Iran,4234557461
LAJAE,Oakking,Maddie Bowman,Marketing Assistant,894J1M,Iran,2570750752
JEULR,Drifthead,Kailum Sykes,Accounting Manager,6D4IA9,United Kingdom,9802924239
WFNIM,Grottofruit,Arooj Nguyen,Order Administrator,S139FB,Bolivia,6500316137
ZRCBD,betataxon,Reese King,Owner,6KZ3LE88,Singapore,4645290550
ZBSAD,Shadowway,Eboni Kidd,Sales Agent,20L826,Indonesia,9358040753
UBEEV,Starworld,Muhammad Graves,Sales Manager,B85J8,France,5470799126
AVRNL,Lemonspace,Oriana Mata,Order Administrator,BC3D8,Iran,2549953419
ZECNC,Domplex,Primrose Esparza,Sales Manager,4IEL43H6,Israel,4949323306
VJILW,Ghostshine,Devon Steadman,Owner/Marketing Assistant,2832Y04,Ethiopia,6803674100
CASBG,Crystaldew,Lula Turner,Owner/Marketing Assistant,1SRCRI,Bolivia,6657228801
KNQJT,Mermaidshine,Farrah Carson,Owner/Marketing Assistant,B7OY0F,United Arab Emirates,2770075590
VZVQU,Granitehouse,Stefanie Flores,Owner/Marketing Assistant,95UPADIQ,Finland,3229672904
BGLZC,Zercane,Amiyah Fulton,Sales Associate,607YVY,Morocco,6154552236
PXEGR,Lucentdream,Yanis Vincent,Sales Representative,972I3IK4,Armenia,2271569177
OTMPY,Nymphmaster,Tom Murphy,Order Administrator,WI3CB,Greece,1757155311
FMRQG,Pinnaclewalk,Courtney Povey,Accounting Manager,KOH2SR,United Arab Emirates,1025735525
VRLWN,Hatchstones,Lilith Lynn,Sales Agent,H1804U,Maldives,2825400678
MMMUS,whitetechi,Domas Faulkner,Sales Manager,Y2VNL92,Armenia,1738284274
LUBXH,Karmadale,Emmeline Hays,Sales Representative,59FD34C6,Australia,4369844485
DWXJH,tristone,Marie Ellison,Order Administrator,ZCHA1,Belarus,5055887105
USJMB,voltrax,Rhiann Zuniga,Owner,X503Z91H,Finland,1850556851
BESHM,Rootaid,Iolo Howell,Owner,S8AZ2,Malaysia,3554201740
QNGIN,Thunderbite,Kaleb Petty,Sales Manager,ZSKJ5D1,Norway,1104364575
YSIWT,Arcanehive,Mohammod Robson,Order Administrator,8.00E+60,Pakistan,4578118704
ORDKS,Technodax,Estelle Rosa,Sales Representative,U4G924,Cambodia,4663729038
FSZAZ,Nymphware,Kody Cameron,Assistant Sales Agent,IGS0P,Turkey,7288644261
GFHYR,Indigo-nix,Michaela Navarro,Sales Agent,7G36Y,Switzerland,4871252077
QYURA,coneace,Vicki Maxwell,Marketing Assistant,4W2QQ,Croatia,8198083625
RCDQZ,Unicode,Emma Melia,Marketing Assistant,NJ30H03J,New Zealand,3012994567
UUCLQ,Beedleking,Elly Dickson,Accounting Manager,85A22P4,Italy,8858953918
UIHAP,Smilestar,Mehreen Campbell,Marketing Assistant,CUDDM3,Sri Lanka,6666159513
KUJKU,Motionstones,Esme Whittington,Owner,35543,Israel,7808644161
ATWBH,Voyatalex,Jaspal Norton,Sales Manager,T3D8XPX,South Africa,4680846055
GCPOR,Alpinewater,Joshua Munro,Sales Manager,2IG20CN8,"Korea, South",1274928179
RJWUM,Plusfase,Monique Carpenter,Owner/Marketing Assistant,6Q2OK93,Pakistan,3558291366
JZAGD,Temphouse,Olli Jacobson,Marketing Assistant,IF472,Austria,4446055492
RUXKX,Pinnaclecast,Alba Partridge,Sales Representative,1F655Y,Argentina,8664415439
XBPTH,Wizardsun,Faheem Robinson,Sales Manager,XF546,Italy,5658215956
WNKNU,Lemonaid,Harlow Hansen,Sales Manager,5C187,Australia,2173539223
QIHQH,Icehive,Kaiya Allen,Order Administrator,3YPB9,Australia,2514981273
BRICE,Streetphase,Kezia Wiggins,Owner,QV2L8LV6,Qatar,9417230263
KSHQG,Inex,Haydn Haley,Marketing Assistant,Q9HBS7,Netherlands,1408827967
XNEXS,Truecan,Henri Douglas,Owner/Marketing Assistant,2O6LB,The Bahamas,4814971593
QHZZV,Basecore,Leonidas Marriott,Marketing Assistant,88USC,Croatia,1759158964
PZSSP,Jaycone,Lorena Yoder,Sales Associate,P9793D,Iran,3669347455
ZTESC,Ventotexon,Fenton Bernard,Sales Manager,6T5139X,Bulgaria,1324408363
GFIQK,Stanhigh,Elicia Marsden,Sales Manager,0IF202Y8,Spain,5490809004
AUSAL,Ironsearch,Rui Hampton,Assistant Sales Agent,B05K3,South Africa,3389388003
RMJRX,Retex,Rudy Coulson,Sales Representative,65PL53,Egypt,9616064696
VLWAW,Hearthut,Kiki Peralta,Owner,152KY,Philippines,6471684301
LQYHF,j-lane,Monty Escobar,Owner,M9A71F,Madagascar,9409909448
QLBKT,Infix,Braden Lane,Sales Associate,MU394I13,Morocco,4987810081
ZTSFR,Chiefway,Romany Tyson,Sales Agent,93F9JSQ,Uganda,5098186676
TDXOS,Sunex,Remy Meyer,Accounting Manager,T22WT,Mexico,2907408030
VRFKV,Hextouch,Charles Thorne,Owner/Marketing Assistant,9NDSR1,Madagascar,2169173935
PDGTN,Nimbleking,Sumaya Montoya,Assistant Sales Agent,Q809FB30,Singapore,7488930942
IGRCP,Fairydew,Darcy Mcgee,Marketing Assistant,86WDE,The Bahamas,3473603746
QGBVA,Hatchwell,Theodor Oliver,Owner/Marketing Assistant,PB357OE,Canada,4734486451
KGPGV,Stimin,Garin Russo,Owner,UJ3LA2I,Portugal,2192472839
DPAAN,Voidshade,Leigha Crossley,Sales Agent,9I9B5,Iraq,1206403075
FRSRU,Blackhigh,Eliana Decker,Sales Associate,F07U0QZ,Indonesia,2311740973
DWEBB,Oaktales,Jevan Pennington,Sales Associate,S7H42,Pakistan,6418553606
HPPHY,Tinla,Jazmin Davey,Owner,8K4V369W,Ethiopia,3127349033
IWKBU,Hammershine,Paul Salgado,Sales Manager,4B79QR90,Indonesia,6155974078
JOSOF,Chieftales,Yash Stark,Order Administrator,6ZBX7,Uganda,8684988886
ACIPZ,Seed Solutions,Eamonn Byrne,Assistant Sales Agent,3C0W2,Australia,2483495238
OEGTM,Rootshow,Mack Daniel,Order Administrator,3Z8V2OYK,Hungary,4064543027
CBWRI,Cavebit,Emelie Cherry,Owner/Marketing Assistant,2WO9G,Croatia,8635320313
TKKJC,Hammerwell,Merryn Burn,Sales Agent,H42OGKF,Sweden,2969771368
DKONS,Bansheeshack,Aaliya Kidd,Sales Representative,NZWX6,The Bahamas,5488224686
OBGFC,Smartbit,Lexi Montes,Sales Agent,UZQ16,Hungary,9924992931
YEERQ,Petalpoint,Hashim Pugh,Sales Manager,EEB602,Vietnam,3898357758
PVIKM,Conecare,Marshall Nava,Order Administrator,53HK5868,Philippines,5462913695
HNRWJ,Zoomlex,Abbey Frye,Sales Associate,69C69A2,Central African Republic,5204179219
BJMKO,Yewking,Kaif Stephenson,Marketing Assistant,4O94WF3,Switzerland,7416371723
ERTBL,Accentshine,Courteney Singh,Sales Associate,A9TV01W,India,5896607162
SGHIY,Tripplelane,Emer Donovan,Sales Associate,9039Y0,Central African Republic,1772992164
RHPBV,Herostar,Garfield Yu,Accounting Manager,A924ZC,Malaysia,1770997605
SMEWQ,ganz-la,Suhayb Ferry,Sales Representative,A91QHFGS,Mongolia,6042097596
UMJRM,Luckymaster,Zarah Scott,Assistant Sales Agent,41TEIS09,Denmark,2132039155
HMIIS,damcom,Kian Bouvet,Sales Agent,6NK0S,United Kingdom,2360092136
IHECH,Icelife,Lorelei Villanueva,Sales Representative,JB0K5,Saudi Arabia,2972592701
ZABYL,Spherewalk,Caitlyn Mahoney,Assistant Sales Agent,Z3VUI,India,4777632731
NBXUZ,Fixex,Arron Duggan,Owner,Q11336,Lebanon,5802655741
RESIF,Rhinoscape,Mercedes House,Sales Manager,BIU902,The Bahamas,4848871101
YRYCO,Hogstar,Bushra Branch,Marketing Assistant,X617T,Bhutan,1139137790
SGBEK,Jobis,Dua Redfern,Marketing Assistant,18I8VPX,Egypt,4248118564
TDJHK,Joystreet,Shea Bowers,Sales Manager,M3GZR,India,7402656084
MEUUX,Physhex,Enrico Baird,Owner/Marketing Assistant,C4EUSGE,"Korea, North",5799872173
RKJMN,dondexon,Jamie-Leigh Read,Order Administrator,0H831,Romania,6003008018
VBHZJ,Planetcom,Jarod Sparrow,Sales Representative,4NI95S,Iceland,9183390507
EGBIS,Zaamcorporation,Kimberly Horton,Sales Associate,3111579,France,4915490666
FFHYM,Heartfruit,Tea Timms,Sales Manager,6NWFLY,Central African Republic,1175972518
YHDDK,Primeshow,Ieuan Haynes,Order Administrator,3UURZ,Russia,5867472882
TOTQM,Wolfmedia,Dionne Seymour,Owner,417Y3,Ghana,6878723824
HIGSG,Superdox,Clare Levine,Order Administrator,LQ8A6NR0,United States,9240543196
YORDG,Spikerover,Will Hughes,Sales Manager,073R7AMC,Israel,4806070950
ENSHU,Dragonworth,Sanjeev Schmidt,Marketing Assistant,P6CTW53S,Switzerland,1890539324
ICNZF,Bluebar,Andreea Sears,Assistant Sales Agent,B9S0G,Israel,2670486624
FAPPR,Tempsanzim,Shanay Bostock,Accounting Manager,040276WK,"Korea, North",8773326169
JBWGD,Dynamicworth,Elliot Deacon,Sales Representative,55TB08B,United Arab Emirates,8216851037
YEJKS,Zoozolane,Shaun Middleton,Assistant Sales Agent,953YOI,Vatican City,7110361515
VBCFJ,Bridgeman,Patricia O'Ryan,Marketing Assistant,0ZFX01,Thailand,1221997957
ZKGGP,Zotottax,Karolina Austin,Marketing Assistant,UPY85,Mongolia,3772445027
YLFXH,Lineron,Jessica England,Marketing Assistant,ZZ70181,Italy,5906230076
BBHYD,Phoenixgold,Miya Hollis,Assistant Sales Agent,S8GTU,Ukraine,8590695796
NZIMP,Liondale,Mahad Weston,Sales Agent,VW377W5,Croatia,7664874933
MWZZX,Zunsaois,Tevin Dougherty,Owner/Marketing Assistant,6A906H,Croatia,9049944685
QIDAR,Micromedia,Kien Robbins,Assistant Sales Agent,55J0R1A,Argentina,1763282379
UNRNZ,Beewater,Ziva Barnes,Owner,028O7,"Korea, South",6475923285
SVQTG,Happypoint,Tabitha Kenny,Assistant Sales Agent,32RBCGET,South Africa,8784310974